event_type,height,tx_hash,attributes
tx,3630309,E8DEF98D948369A5D6785E4D0C755374B39D4C1B956B26164EC1CA45C9940315,"[{""key"": ""fee"", ""value"": ""0ustars""}]"
tx,3630309,E8DEF98D948369A5D6785E4D0C755374B39D4C1B956B26164EC1CA45C9940315,"[{""key"": ""acc_seq"", ""value"": ""stars1z4ecae6w247fxa2j6ganwzwuja7zgw03yfkhcp/6038""}]"
tx,3630309,E8DEF98D948369A5D6785E4D0C755374B39D4C1B956B26164EC1CA45C9940315,"[{""key"": ""signature"", ""value"": ""zebWZuji7KVfir4/2E8BgMY1oLFnDtjWYgECZIIOwtRe5p3dnmDgOitW2iwtY6y4pLFqT+z+P8wBN0YTiSjdZw==""}]"
message,3630309,E8DEF98D948369A5D6785E4D0C755374B39D4C1B956B26164EC1CA45C9940315,"[{""key"": ""action"", ""value"": ""/cosmwasm.wasm.v1.MsgExecuteContract""}]"
message,3630309,E8DEF98D948369A5D6785E4D0C755374B39D4C1B956B26164EC1CA45C9940315,"[{""key"": ""module"", ""value"": ""wasm""}, {""key"": ""sender"", ""value"": ""stars1z4ecae6w247fxa2j6ganwzwuja7zgw03yfkhcp""}]"
execute,3630309,E8DEF98D948369A5D6785E4D0C755374B39D4C1B956B26164EC1CA45C9940315,"[{""key"": ""_contract_address"", ""value"": ""stars120zjnnpca5p42pc5f5fqaj923q8cu9ekr2duw25fd8f9p4gzrhcsy6g44z""}]"
wasm,3630309,E8DEF98D948369A5D6785E4D0C755374B39D4C1B956B26164EC1CA45C9940315,"[{""key"": ""_contract_address"", ""value"": ""stars120zjnnpca5p42pc5f5fqaj923q8cu9ekr2duw25fd8f9p4gzrhcsy6g44z""}, {""key"": ""action"", ""value"": ""burn""}, {""key"": ""sender"", ""value"": ""stars1z4ecae6w247fxa2j6ganwzwuja7zgw03yfkhcp""}, {""key"": ""token_id"", ""value"": ""4408""}]"
coin_spent,3630309,0510631DDED4A9C79EA7EB059DDF619CE6778EC62AAD12CB8AC31E6289D14805,"[{""key"": ""spender"", ""value"": ""stars10pmwjch8e67wkn033zq6n4gnqxafjctr5cusyc""}, {""key"": ""amount"", ""value"": ""2000ustars""}]"
coin_received,3630309,0510631DDED4A9C79EA7EB059DDF619CE6778EC62AAD12CB8AC31E6289D14805,"[{""key"": ""receiver"", ""value"": ""stars17xpfvakm2amg962yls6f84z3kell8c5ly95aqv""}, {""key"": ""amount"", ""value"": ""2000ustars""}]"
transfer,3630309,0510631DDED4A9C79EA7EB059DDF619CE6778EC62AAD12CB8AC31E6289D14805,"[{""key"": ""recipient"", ""value"": ""stars17xpfvakm2amg962yls6f84z3kell8c5ly95aqv""}, {""key"": ""sender"", ""value"": ""stars10pmwjch8e67wkn033zq6n4gnqxafjctr5cusyc""}, {""key"": ""amount"", ""value"": ""2000ustars""}]"
message,3630309,0510631DDED4A9C79EA7EB059DDF619CE6778EC62AAD12CB8AC31E6289D14805,"[{""key"": ""sender"", ""value"": ""stars10pmwjch8e67wkn033zq6n4gnqxafjctr5cusyc""}]"
tx,3630309,0510631DDED4A9C79EA7EB059DDF619CE6778EC62AAD12CB8AC31E6289D14805,"[{""key"": ""fee"", ""value"": ""2000ustars""}]"
tx,3630309,0510631DDED4A9C79EA7EB059DDF619CE6778EC62AAD12CB8AC31E6289D14805,"[{""key"": ""acc_seq"", ""value"": ""stars10pmwjch8e67wkn033zq6n4gnqxafjctr5cusyc/50443""}]"
tx,3630309,0510631DDED4A9C79EA7EB059DDF619CE6778EC62AAD12CB8AC31E6289D14805,"[{""key"": ""signature"", ""value"": ""yJIU1QAaWTRAQto1w6ACfSYbJb2Ffh6ShHf3qfB7JjVVhH/TyIINv1ln6DpNFfmzHHLLqmBZwfguTVi6hYfj5A==""}]"
message,3630309,0510631DDED4A9C79EA7EB059DDF619CE6778EC62AAD12CB8AC31E6289D14805,"[{""key"": ""action"", ""value"": ""/cosmwasm.wasm.v1.MsgExecuteContract""}]"
message,3630309,0510631DDED4A9C79EA7EB059DDF619CE6778EC62AAD12CB8AC31E6289D14805,"[{""key"": ""module"", ""value"": ""wasm""}, {""key"": ""sender"", ""value"": ""stars10pmwjch8e67wkn033zq6n4gnqxafjctr5cusyc""}]"
execute,3630309,0510631DDED4A9C79EA7EB059DDF619CE6778EC62AAD12CB8AC31E6289D14805,"[{""key"": ""_contract_address"", ""value"": ""stars1fvhcnyddukcqfnt7nlwv3thm5we22lyxyxylr9h77cvgkcn43xfsvgv0pl""}]"
wasm-set-ask,3630309,0510631DDED4A9C79EA7EB059DDF619CE6778EC62AAD12CB8AC31E6289D14805,"[{""key"": ""_contract_address"", ""value"": ""stars1fvhcnyddukcqfnt7nlwv3thm5we22lyxyxylr9h77cvgkcn43xfsvgv0pl""}, {""key"": ""collection"", ""value"": ""stars19jq6mj84cnt9p7sagjxqf8hxtczwc8wlpuwe4sh62w45aheseues57n420""}, {""key"": ""token_id"", ""value"": ""6740""}, {""key"": ""seller"", ""value"": ""stars10pmwjch8e67wkn033zq6n4gnqxafjctr5cusyc""}, {""key"": ""price"", ""value"": ""200000000000ustars""}, {""key"": ""expires"", ""value"": ""1659658034.293000000""}]"
tx,3630310,5E204F78D3F1AB3AB5C75E56EC3B422CA8E8FA077536D8E15A84D49243FFD837,"[{""key"": ""fee"", ""value"": ""0ustars""}]"
tx,3630310,5E204F78D3F1AB3AB5C75E56EC3B422CA8E8FA077536D8E15A84D49243FFD837,"[{""key"": ""acc_seq"", ""value"": ""stars1z4ecae6w247fxa2j6ganwzwuja7zgw03yfkhcp/6039""}]"
tx,3630310,5E204F78D3F1AB3AB5C75E56EC3B422CA8E8FA077536D8E15A84D49243FFD837,"[{""key"": ""signature"", ""value"": ""0cY9XkNGZIk/lVv11wek2A2DnJpQ1zonfhfOLGrasqllqq5h2LVjfElvm7xPt5+Pr66k1FRF6qBSs+awZM5nAA==""}]"
message,3630310,5E204F78D3F1AB3AB5C75E56EC3B422CA8E8FA077536D8E15A84D49243FFD837,"[{""key"": ""action"", ""value"": ""/cosmwasm.wasm.v1.MsgExecuteContract""}]"
message,3630310,5E204F78D3F1AB3AB5C75E56EC3B422CA8E8FA077536D8E15A84D49243FFD837,"[{""key"": ""module"", ""value"": ""wasm""}, {""key"": ""sender"", ""value"": ""stars1z4ecae6w247fxa2j6ganwzwuja7zgw03yfkhcp""}]"
execute,3630310,5E204F78D3F1AB3AB5C75E56EC3B422CA8E8FA077536D8E15A84D49243FFD837,"[{""key"": ""_contract_address"", ""value"": ""stars120zjnnpca5p42pc5f5fqaj923q8cu9ekr2duw25fd8f9p4gzrhcsy6g44z""}]"
wasm,3630310,5E204F78D3F1AB3AB5C75E56EC3B422CA8E8FA077536D8E15A84D49243FFD837,"[{""key"": ""_contract_address"", ""value"": ""stars120zjnnpca5p42pc5f5fqaj923q8cu9ekr2duw25fd8f9p4gzrhcsy6g44z""}, {""key"": ""action"", ""value"": ""burn""}, {""key"": ""sender"", ""value"": ""stars1z4ecae6w247fxa2j6ganwzwuja7zgw03yfkhcp""}, {""key"": ""token_id"", ""value"": ""4410""}]"
tx,3630310,4A8B4D76D6F88EEA4A9366ED1C982D9B4A3531578958DAA6D5040332DB07F90F,"[{""key"": ""fee"", ""value"": ""0ustars""}]"
tx,3630310,4A8B4D76D6F88EEA4A9366ED1C982D9B4A3531578958DAA6D5040332DB07F90F,"[{""key"": ""acc_seq"", ""value"": ""stars1dzf8ta0qvvqvca55ynqnazgwflq76r5jase5nx/90""}]"
tx,3630310,4A8B4D76D6F88EEA4A9366ED1C982D9B4A3531578958DAA6D5040332DB07F90F,"[{""key"": ""signature"", ""value"": ""RaJahmPIztALaSjLZTnDKSLIfUp8KIKXUqFawQfcPQFtFafXOHBbTw1irzI5n7vuxVX85ssosF0OGt8JDsrPnw==""}]"
message,3630310,4A8B4D76D6F88EEA4A9366ED1C982D9B4A3531578958DAA6D5040332DB07F90F,"[{""key"": ""action"", ""value"": ""/cosmwasm.wasm.v1.MsgExecuteContract""}]"
message,3630310,4A8B4D76D6F88EEA4A9366ED1C982D9B4A3531578958DAA6D5040332DB07F90F,"[{""key"": ""module"", ""value"": ""wasm""}, {""key"": ""sender"", ""value"": ""stars1dzf8ta0qvvqvca55ynqnazgwflq76r5jase5nx""}]"
execute,3630310,4A8B4D76D6F88EEA4A9366ED1C982D9B4A3531578958DAA6D5040332DB07F90F,"[{""key"": ""_contract_address"", ""value"": ""stars14sa4u42n2a8kmlvj3qcergjhy6g9ps06rzeth94f2y6grlat6u6sv9y4pd""}]"
wasm,3630310,4A8B4D76D6F88EEA4A9366ED1C982D9B4A3531578958DAA6D5040332DB07F90F,"[{""key"": ""_contract_address"", ""value"": ""stars14sa4u42n2a8kmlvj3qcergjhy6g9ps06rzeth94f2y6grlat6u6sv9y4pd""}, {""key"": ""action"", ""value"": ""approve""}, {""key"": ""sender"", ""value"": ""stars1dzf8ta0qvvqvca55ynqnazgwflq76r5jase5nx""}, {""key"": ""spender"", ""value"": ""stars1fvhcnyddukcqfnt7nlwv3thm5we22lyxyxylr9h77cvgkcn43xfsvgv0pl""}, {""key"": ""token_id"", ""value"": ""4022""}]"
message,3630310,4A8B4D76D6F88EEA4A9366ED1C982D9B4A3531578958DAA6D5040332DB07F90F,"[{""key"": ""action"", ""value"": ""/cosmwasm.wasm.v1.MsgExecuteContract""}]"
message,3630310,4A8B4D76D6F88EEA4A9366ED1C982D9B4A3531578958DAA6D5040332DB07F90F,"[{""key"": ""module"", ""value"": ""wasm""}, {""key"": ""sender"", ""value"": ""stars1dzf8ta0qvvqvca55ynqnazgwflq76r5jase5nx""}]"
execute,3630310,4A8B4D76D6F88EEA4A9366ED1C982D9B4A3531578958DAA6D5040332DB07F90F,"[{""key"": ""_contract_address"", ""value"": ""stars1fvhcnyddukcqfnt7nlwv3thm5we22lyxyxylr9h77cvgkcn43xfsvgv0pl""}]"
wasm-set-ask,3630310,4A8B4D76D6F88EEA4A9366ED1C982D9B4A3531578958DAA6D5040332DB07F90F,"[{""key"": ""_contract_address"", ""value"": ""stars1fvhcnyddukcqfnt7nlwv3thm5we22lyxyxylr9h77cvgkcn43xfsvgv0pl""}, {""key"": ""collection"", ""value"": ""stars14sa4u42n2a8kmlvj3qcergjhy6g9ps06rzeth94f2y6grlat6u6sv9y4pd""}, {""key"": ""token_id"", ""value"": ""4022""}, {""key"": ""seller"", ""value"": ""stars1dzf8ta0qvvqvca55ynqnazgwflq76r5jase5nx""}, {""key"": ""price"", ""value"": ""150000000ustars""}, {""key"": ""expires"", ""value"": ""1659658030.453000000""}]"
tx,3630311,CFB51026F3667FE49C9FB8DBE51588F2E5342877BB4D2CB49B7A36A52818058E,"[{""key"": ""fee"", ""value"": ""0ustars""}]"
tx,3630311,CFB51026F3667FE49C9FB8DBE51588F2E5342877BB4D2CB49B7A36A52818058E,"[{""key"": ""acc_seq"", ""value"": ""stars1z4ecae6w247fxa2j6ganwzwuja7zgw03yfkhcp/6040""}]"
tx,3630311,CFB51026F3667FE49C9FB8DBE51588F2E5342877BB4D2CB49B7A36A52818058E,"[{""key"": ""signature"", ""value"": ""QBEBc7dpWoMkwqpdSgLEn+ZXOC4gkuYLvRQW96Ao79tr6Kq5Y5IhsknFYnVprE8MD1WPWZnE9AvCX/V9zVNz/A==""}]"
message,3630311,CFB51026F3667FE49C9FB8DBE51588F2E5342877BB4D2CB49B7A36A52818058E,"[{""key"": ""action"", ""value"": ""/cosmwasm.wasm.v1.MsgExecuteContract""}]"
message,3630311,CFB51026F3667FE49C9FB8DBE51588F2E5342877BB4D2CB49B7A36A52818058E,"[{""key"": ""module"", ""value"": ""wasm""}, {""key"": ""sender"", ""value"": ""stars1z4ecae6w247fxa2j6ganwzwuja7zgw03yfkhcp""}]"
execute,3630311,CFB51026F3667FE49C9FB8DBE51588F2E5342877BB4D2CB49B7A36A52818058E,"[{""key"": ""_contract_address"", ""value"": ""stars120zjnnpca5p42pc5f5fqaj923q8cu9ekr2duw25fd8f9p4gzrhcsy6g44z""}]"
wasm,3630311,CFB51026F3667FE49C9FB8DBE51588F2E5342877BB4D2CB49B7A36A52818058E,"[{""key"": ""_contract_address"", ""value"": ""stars120zjnnpca5p42pc5f5fqaj923q8cu9ekr2duw25fd8f9p4gzrhcsy6g44z""}, {""key"": ""action"", ""value"": ""burn""}, {""key"": ""sender"", ""value"": ""stars1z4ecae6w247fxa2j6ganwzwuja7zgw03yfkhcp""}, {""key"": ""token_id"", ""value"": ""4411""}]"
